source,link
output\Africa\Algeria.pdf,Discover Algeria: A Journey Through History and Culture
output\Africa\Algeria.pdf,Top 10 Places to Visit in Algeria
output\Africa\Algeria.pdf,Algerian Cuisine: Traditional Dishes Explained
output\Africa\Algeria.pdf,The Casbah of Algiers - UNESCO World Heritage Site Tour
output\Africa\Algeria.pdf,Understanding Algeria's Role in North African Politics
output\Africa\Angola.pdf,Discover Angola: A Land of Natural Wonders
output\Africa\Angola.pdf,Angola Travel Guide - Top Places to Visit
output\Africa\Angola.pdf,History of Angola: From Colony to Independence
output\Africa\Angola.pdf,Angolan Culture and Traditions Explained
output\Africa\Angola.pdf,Angola's Wildlife and National Parks
output\Africa\Benin.pdf,"Discover Benin: Culture, History and Nature"
output\Africa\Botswana.pdf,Discover Botswana: The Jewel of Southern Africa
output\Africa\Burkina Faso.pdf,Burkina Faso: A Country Overview
output\Africa\Burkina Faso.pdf,Exploring Ouagadougou - Capital of Burkina Faso
output\Africa\Burkina Faso.pdf,FESPACO Film Festival Highlights
output\Africa\Burkina Faso.pdf,Traditional Music and Dance of Burkina Faso
output\Africa\Burkina Faso.pdf,Security Challenges in Burkina Faso Explained
output\Africa\Cameroon.pdf,"Discover Cameroon: Culture, Nature, and People"
output\Africa\Cameroon.pdf,Mount Cameroon Hike - Africa's Highest Peak
output\Africa\Cameroon.pdf,Cameroon's Wildlife: Exploring Waza National Park
output\Africa\Cameroon.pdf,Traditional Festivals of Cameroon - Ngondo Festival
output\Africa\Cameroon.pdf,Cameroon: History and Contemporary Issues Explained
output\Africa\Cape Verde.pdf,Discover Cape Verde: Islands of Culture and Nature
output\Africa\Cape Verde.pdf,Cape Verde Travel Guide - Top Things to Do
output\Africa\Cape Verde.pdf,The Music and Soul of Cape Verde
output\Africa\Cape Verde.pdf,Exploring Fogo Volcano in Cape Verde
output\Africa\Cape Verde.pdf,Cape Verde History and Culture Overview
output\Africa\Central African Republic.pdf,Central African Republic: A Country in Crisis
output\Africa\Central African Republic.pdf,Exploring the Wildlife of Central African Republic
output\Africa\Central African Republic.pdf,History and Culture of the Central African Republic
output\Africa\Chad.pdf,Discover Chad: Africa's Hidden Gem
output\Africa\Comoros.pdf,Discovering Comoros: Africa's Hidden Gem
output\Africa\Democratic Republic of the Congo.pdf,Discovering the Democratic Republic of the Congo: Nature and Culture
output\Africa\Democratic Republic of the Congo.pdf,The History of the Democratic Republic of the Congo Explained
output\Africa\Democratic Republic of the Congo.pdf,Life and Challenges in the DRC's Eastern Provinces
output\Africa\Democratic Republic of the Congo.pdf,Virunga National Park: Protecting Gorillas in the DRC
output\Africa\Democratic Republic of the Congo.pdf,Congolese Music and Dance: A Cultural Journey
output\Africa\Djibouti.pdf,Discover Djibouti: The Land of Salt and Fire
output\Africa\Djibouti.pdf,Djibouti Travel Guide - Top Places to Visit
output\Africa\Egypt.pdf,Discover Egypt: Land of Ancient Wonders
output\Africa\Egypt.pdf,A Journey Through Egypt's History and Culture
output\Africa\Egypt.pdf,Top 10 Must-See Places in Egypt
output\Africa\Egypt.pdf,Egyptian Cuisine: Traditional Dishes Explained
output\Africa\Egypt.pdf,Modern Egypt: Challenges and Progress
output\Africa\Equatorial Guinea.pdf,Equatorial Guinea: Africa's Oil Rich Nation
output\Africa\Equatorial Guinea.pdf,Travel Guide to Equatorial Guinea
output\Africa\Equatorial Guinea.pdf,The Culture and Traditions of Equatorial Guinea
output\Africa\Equatorial Guinea.pdf,Wildlife and Nature in Equatorial Guinea
output\Africa\Equatorial Guinea.pdf,History and Politics of Equatorial Guinea
output\Africa\Eritrea.pdf,Eritrea: The Hidden Gem of the Horn of Africa
output\Africa\Eritrea.pdf,Asmara: A Modernist City Frozen in Time
output\Africa\Eritrea.pdf,Exploring the Dahlak Archipelago - Eritrea's Red Sea Paradise
output\Africa\Eritrea.pdf,Eritrea's Struggle for Independence and Nation Building
output\Africa\Eritrea.pdf,Traditional Eritrean Food and Culture
output\Africa\Eswatini.pdf,Discovering Eswatini: Africa's Hidden Gem
output\Africa\Ethiopia.pdf,Ethiopia Travel Guide - Top Places to Visit
output\Africa\Ethiopia.pdf,The History of Ethiopia Explained
output\Africa\Ethiopia.pdf,Ethiopian Food and Culture Documentary
output\Africa\Ethiopia.pdf,Simien Mountains National Park - Ethiopia's Natural Wonder
output\Africa\Ethiopia.pdf,Understanding the Tigray Conflict in Ethiopia
output\Africa\Gabon.pdf,Discover Gabon: Africa's Hidden Gem
output\Africa\Gabon.pdf,Gabon Travel Guide - Top Places to Visit
output\Africa\Gabon.pdf,Wildlife of Gabon National Parks
output\Africa\Gabon.pdf,Gabonese Culture and Traditions Explained
output\Africa\Gabon.pdf,History and Politics of Gabon
output\Africa\Gambia.pdf,Discover The Gambia: Africa's Smiling Coast
output\Africa\Gambia.pdf,Gambia Travel Guide - Top Things to Do
output\Africa\Ghana.pdf,Discover Ghana: A Journey Through Culture and History
output\Africa\Guinea.pdf,"Discover Guinea: Culture, Nature, and History"
output\Africa\Kenya.pdf,Discover Kenya: A Journey Through the Heart of Africa
output\Africa\Kenya.pdf,Kenya Wildlife Safari - Maasai Mara National Reserve
output\Africa\Kenya.pdf,The Culture and Traditions of Kenya
output\Africa\Kenya.pdf,Kenyan Cuisine: Traditional Foods You Must Try
output\Africa\Kenya.pdf,History of Kenya: From Colonization to Independence
output\Africa\Lesotho.pdf,Discover Lesotho: The Kingdom in the Sky
output\Africa\Liberia.pdf,Discover Liberia: History and Culture
output\Africa\Libya.pdf,"Libya: History, Culture, and Conflict Explained"
output\Africa\Libya.pdf,Exploring Ancient Roman Ruins in Libya - Leptis Magna
output\Africa\Libya.pdf,Life in Libya Today: Challenges and Culture
output\Africa\Libya.pdf,Libyan Cuisine: Traditional Dishes and Recipes
output\Africa\Libya.pdf,The Political Crisis in Libya: Background and Current Status
output\Africa\Madagascar.pdf,Madagascar Travel Guide - Top Things to Do & See
output\Africa\Malawi.pdf,Discover Malawi: The Warm Heart of Africa
output\Africa\Mali.pdf,Discover Mali: History and Culture
output\Africa\Mauritania.pdf,Discover Mauritania: Land of Desert and Culture
output\Africa\Mauritania.pdf,Mauritania Travel Guide - Exploring Nouakchott and Beyond
output\Africa\Mauritania.pdf,Banc d'Arguin National Park - Mauritania's Natural Wonder
output\Africa\Mauritania.pdf,History and Culture of Mauritania Explained
output\Africa\Mauritania.pdf,Mauritanian Cuisine: Traditional Dishes and Flavors
output\Africa\Mauritius.pdf,Mauritius Travel Guide - Top Things to Do in Mauritius
output\Africa\Mauritius.pdf,Mauritius Island - A Paradise in the Indian Ocean
output\Africa\Mauritius.pdf,Mauritius Culture and Traditions
output\Africa\Mauritius.pdf,Mauritius Food Tour - Exploring Local Cuisine
output\Africa\Mauritius.pdf,History of Mauritius - From Colonization to Independence
output\Africa\Morocco.pdf,Morocco Travel Guide - Top Things to Do & See
output\Africa\Morocco.pdf,"A Day in Marrakech, Morocco - Travel Vlog"
output\Africa\Morocco.pdf,History of Morocco - From Ancient to Modern Times
output\Africa\Morocco.pdf,Moroccan Cuisine - Traditional Dishes Explained
output\Africa\Morocco.pdf,Exploring the Atlas Mountains - Morocco Adventure
output\Africa\Mozambique.pdf,Discover Mozambique: A Land of Natural Beauty and Culture
output\Africa\Namibia.pdf,Discover Namibia: A Land of Contrasts
output\Africa\Namibia.pdf,Namibia Travel Guide - Top Places to Visit
output\Africa\Namibia.pdf,"Wildlife Safari in Etosha National Park, Namibia"
output\Africa\Namibia.pdf,The Namib Desert: World's Oldest Desert
output\Africa\Namibia.pdf,Namibia's Culture and Traditions Explained
output\Africa\Niger.pdf,Discover Niger: Land of the Sahara and Sahel
output\Africa\Niger.pdf,Niger Travel Guide - Top Places to Visit
output\Africa\Niger.pdf,Cure Salée Festival - The Nomadic Gathering in Niger
output\Africa\Niger.pdf,"Wildlife of W National Park, Niger"
output\Africa\Niger.pdf,"Niger: History, Culture, and Challenges"
output\Africa\Nigeria.pdf,Nigeria: A Country Overview
output\Africa\Nigeria.pdf,Top 10 Places to Visit in Nigeria
output\Africa\Nigeria.pdf,Nigerian Culture and Traditions Explained
output\Africa\Nigeria.pdf,The History of Nigeria in 10 Minutes
output\Africa\Nigeria.pdf,Nigerian Food Tour: Must-Try Dishes
output\Africa\Republic of the Congo.pdf,Discovering the Republic of the Congo: Culture and Nature
output\Africa\Rwanda.pdf,Discover Rwanda: The Land of a Thousand Hills
output\Africa\Rwanda.pdf,Rwanda Genocide Explained | History Documentary
output\Africa\Rwanda.pdf,"Gorilla Trekking in Volcanoes National Park, Rwanda"
output\Africa\Rwanda.pdf,Rwandan Culture and Traditions | A Journey Through Rwanda
output\Africa\Rwanda.pdf,Economic Growth and Development in Rwanda
output\Africa\Sao Tome and Principe.pdf,Discovering São Tomé and Príncipe: Africa's Hidden Gem
output\Africa\Senegal.pdf,Discover Senegal: A Journey Through Culture and Nature
output\Africa\Senegal.pdf,Senegal Travel Guide - Top Places to Visit
output\Africa\Senegal.pdf,The History of Senegal Explained
output\Africa\Senegal.pdf,Senegalese Cuisine: Traditional Dishes You Must Try
output\Africa\Senegal.pdf,Senegal's Music and Dance Traditions
output\Africa\Sierra Leone.pdf,Discover Sierra Leone: A Land of Resilience and Culture
output\Africa\South Africa.pdf,South Africa Travel Guide - Top Things to Do & See
output\Africa\South Africa.pdf,History of South Africa - Apartheid and Beyond
output\Africa\South Africa.pdf,South African Cuisine - Traditional Foods to Try
output\Africa\South Africa.pdf,"Wildlife Safari in Kruger National Park, South Africa"
output\Africa\South Africa.pdf,Cultural Festivals of South Africa Explained
output\Africa\Tanzania.pdf,"Discover Tanzania: Wildlife, Culture & Adventure"
output\Africa\Tanzania.pdf,Mount Kilimanjaro Climb - Tanzania's Iconic Peak
output\Africa\Tanzania.pdf,Serengeti National Park Safari Experience
output\Africa\Tanzania.pdf,Zanzibar: History and Beaches of Tanzania's Spice Island
output\Africa\Tanzania.pdf,Tanzanian Culture and Traditions Explained
output\Africa\Togo.pdf,Discover Togo: West Africa's Hidden Gem
output\Africa\Tunisia.pdf,Discover Tunisia: A Journey Through History and Culture
output\Africa\Tunisia.pdf,Top 10 Places to Visit in Tunisia
output\Africa\Tunisia.pdf,Tunisian Cuisine: Traditional Dishes You Must Try
output\Africa\Tunisia.pdf,The Sahara Desert Experience in Tunisia
output\Africa\Tunisia.pdf,Tunisia's Role in the Arab Spring
output\Africa\Uganda.pdf,Discover Uganda: The Pearl of Africa
output\Africa\Uganda.pdf,Wildlife and Nature in Uganda's National Parks
output\Africa\Uganda.pdf,Ugandan Culture and Traditions Explained
output\Africa\Uganda.pdf,History and Politics of Uganda in Brief
output\Africa\Uganda.pdf,Top Tourist Attractions in Uganda
output\Africa\Zambia.pdf,Discover Zambia: Victoria Falls and Wildlife Safari
output\Africa\Zambia.pdf,Zambia Travel Guide - Top Places to Visit
output\Africa\Zambia.pdf,Cultural Festivals of Zambia: Kuomboka and Nc'wala
output\Africa\Zambia.pdf,Zambian Cuisine: Traditional Foods and Cooking
output\Africa\Zambia.pdf,History and Politics of Zambia Explained
output\Asia\Armenia.pdf,Discover Armenia: The Land of Ancient Culture and Stunning Landscapes
output\Asia\Armenia.pdf,Armenia Travel Guide - Top Places to Visit
output\Asia\Armenia.pdf,History of Armenia - From Ancient Times to Modern Day
output\Asia\Armenia.pdf,Armenian Cuisine Explained: Traditional Dishes and Recipes
output\Asia\Armenia.pdf,Nagorno-Karabakh Conflict Explained
output\Asia\Azerbaijan.pdf,Azerbaijan Travel Guide - Top Things to Do in Azerbaijan
output\Asia\Bangladesh.pdf,Discover Bangladesh: Land of Rivers and Culture
output\Asia\Bangladesh.pdf,Bangladesh Travel Guide | Top Places to Visit
output\Asia\Bangladesh.pdf,History of Bangladesh | From Liberation to Present
output\Asia\Bangladesh.pdf,Bangladeshi Cuisine: Traditional Foods You Must Try
output\Asia\Bangladesh.pdf,The Sundarbans: Home of the Bengal Tiger
output\Asia\Bhutan.pdf,Discover Bhutan: The Last Himalayan Kingdom
output\Asia\Cambodia.pdf,Discover Cambodia: Angkor Wat and Beyond
output\Asia\Cambodia.pdf,"A Day in Phnom Penh, Cambodia"
output\Asia\Cambodia.pdf,Cambodian Culture and Traditions Explained
output\Asia\Cambodia.pdf,History of the Khmer Empire and Angkor Wat
output\Asia\Cambodia.pdf,Cambodian Cuisine: Traditional Dishes to Try
output\Asia\China.pdf,China: A Country of Contrasts and Change
output\Asia\China.pdf,The Great Wall of China - History and Facts
output\Asia\China.pdf,Chinese New Year Traditions Explained
output\Asia\China.pdf,Modern China: Economic Growth and Challenges
output\Asia\China.pdf,Exploring Chinese Cuisine: Regional Flavors
output\Asia\Georgia.pdf,Discover Georgia: The Land of Ancient Culture and Stunning Landscapes
output\Asia\Georgia.pdf,Top 10 Places to Visit in Georgia
output\Asia\Georgia.pdf,Georgian Cuisine: Traditional Foods You Must Try
output\Asia\Georgia.pdf,History of Georgia: From Ancient Kingdoms to Modern Times
output\Asia\Georgia.pdf,Tbilisi Travel Guide: Exploring the Capital of Georgia
output\Asia\India.pdf,India Travel Guide - Top Places to Visit in India
output\Asia\India.pdf,The History of India in 10 Minutes
output\Asia\India.pdf,Indian Culture and Traditions Explained
output\Asia\India.pdf,Top 10 Indian Foods You Must Try
output\Asia\India.pdf,India's Economic Growth and Challenges
output\Asia\Indonesia.pdf,Indonesia Travel Guide - Top Places to Visit
output\Asia\Indonesia.pdf,The History of Indonesia Explained
output\Asia\Indonesia.pdf,Indonesian Culture and Traditions
output\Asia\Indonesia.pdf,Exploring Indonesian Cuisine: Food Tour
output\Asia\Indonesia.pdf,Indonesia's Natural Wonders and Wildlife
output\Asia\Iran.pdf,Iran Travel Guide - Top Places to Visit in Iran
output\Asia\Iran.pdf,History of Iran - From Ancient Persia to Modern Day
output\Asia\Iran.pdf,Iranian Culture and Traditions Explained
output\Asia\Iran.pdf,Iranian Cuisine - Traditional Foods You Must Try
output\Asia\Iran.pdf,Current Political Situation in Iran - Explained
output\Asia\Iraq.pdf,"Iraq: History, Culture, and Modern Challenges"
output\Asia\Iraq.pdf,Exploring Ancient Babylon - Iraq's Historical Treasure
output\Asia\Iraq.pdf,Life in Baghdad: A Glimpse into Iraqi Society
output\Asia\Iraq.pdf,Iraqi Cuisine: Traditional Dishes and Recipes
output\Asia\Iraq.pdf,Understanding Iraq's Political Landscape
output\Asia\Israel.pdf,Israel Travel Guide - Top Things to Do and See
output\Asia\Israel.pdf,History of Israel Explained
output\Asia\Israel.pdf,Israeli Culture and Traditions
output\Asia\Israel.pdf,Understanding the Israeli-Palestinian Conflict
output\Asia\Israel.pdf,Israeli Food Tour - Must Try Dishes
output\Asia\Japan.pdf,Japan Travel Guide - Top Things to Do in Japan
output\Asia\Japan.pdf,History of Japan in 10 Minutes
output\Asia\Japan.pdf,Japanese Culture and Traditions Explained
output\Asia\Japan.pdf,"Exploring Japanese Food: Sushi, Ramen & More"
output\Asia\Japan.pdf,"Modern Japan: Economy, Technology, and Society"
output\Asia\Jordan.pdf,Discover Jordan: The Land of Ancient Wonders
output\Asia\Jordan.pdf,Exploring Petra - Jordan's Rose City
output\Asia\Jordan.pdf,Wadi Rum Desert Adventure in Jordan
output\Asia\Jordan.pdf,The Dead Sea Experience - Jordan
output\Asia\Jordan.pdf,Jordan Travel Guide | Top Places to Visit
output\Asia\Kazakhstan.pdf,Kazakhstan Travel Guide - Top Places to Visit
output\Asia\Kazakhstan.pdf,History of Kazakhstan Explained
output\Asia\Kazakhstan.pdf,Kazakh Culture and Traditions
output\Asia\Kazakhstan.pdf,Kazakhstan's Economic Development and Future
output\Asia\Kazakhstan.pdf,Nauryz Festival in Kazakhstan - Celebration of Spring
output\Asia\Kuwait.pdf,Discover Kuwait: A Journey Through the Land of the Gulf
output\Asia\Kuwait.pdf,Kuwait City Tour - Top Attractions and Culture
output\Asia\Kuwait.pdf,Kuwaiti Cuisine: Traditional Dishes You Must Try
output\Asia\Kuwait.pdf,History of Kuwait: From Independence to Modern Day
output\Asia\Kuwait.pdf,Kuwait's Cultural Festivals and Traditions Explained
output\Asia\Kyrgyzstan.pdf,Discover Kyrgyzstan: The Land of Nomads and Mountains
output\Asia\Laos.pdf,Discover Laos: The Land of a Million Elephants
output\Asia\Laos.pdf,Top 10 Places to Visit in Laos
output\Asia\Laos.pdf,Laos Travel Guide - What You Need to Know
output\Asia\Laos.pdf,Laos Culture and Traditions Explained
output\Asia\Laos.pdf,Exploring the Plain of Jars in Laos
output\Asia\Lebanon.pdf,Discover Lebanon: A Journey Through History and Culture
output\Asia\Lebanon.pdf,Lebanon Travel Guide - Top Places to Visit
output\Asia\Lebanon.pdf,Lebanese Cuisine Explained: Traditional Dishes
output\Asia\Lebanon.pdf,The Cedars of Lebanon: Nature and Heritage
output\Asia\Lebanon.pdf,Lebanon's Political Landscape: An Overview
output\Asia\Malaysia.pdf,"Discover Malaysia: Culture, Food, and Travel Guide"
output\Asia\Malaysia.pdf,Top 10 Places to Visit in Malaysia
output\Asia\Malaysia.pdf,Malaysian Street Food Tour
output\Asia\Malaysia.pdf,History of Malaysia Explained
output\Asia\Malaysia.pdf,Malaysia's Diverse Festivals and Traditions
output\Asia\Maldives.pdf,Discover Maldives: Paradise on Earth
output\Asia\Maldives.pdf,Maldives Travel Guide 2023
output\Asia\Maldives.pdf,The Culture and Traditions of Maldives
output\Asia\Maldives.pdf,Maldives: Climate Change and Rising Sea Levels
output\Asia\Maldives.pdf,Top 10 Things to Do in Maldives
output\Asia\Mongolia.pdf,Discover Mongolia: Land of the Eternal Blue Sky
output\Asia\Mongolia.pdf,Mongolia Travel Guide - Top Places to Visit
output\Asia\Mongolia.pdf,Naadam Festival - Mongolia's Traditional Sports
output\Asia\Mongolia.pdf,Life of Nomads in Mongolia
output\Asia\Mongolia.pdf,The Genghis Khan Statue Complex - Mongolia's Icon
output\Asia\Myanmar.pdf,Myanmar: A Land of Golden Pagodas and Rich Culture
output\Asia\Nepal.pdf,Discover Nepal: Land of the Himalayas
output\Asia\Nepal.pdf,Mount Everest: The Roof of the World
output\Asia\Nepal.pdf,Nepal's Festivals: Dashain and Tihar Explained
output\Asia\Nepal.pdf,Exploring Kathmandu: Culture and Heritage
output\Asia\Nepal.pdf,Nepalese Cuisine: Traditional Foods You Must Try
output\Asia\North Korea.pdf,North Korea: Inside the Secretive State
output\Asia\North Korea.pdf,Life in North Korea: A Rare Glimpse
output\Asia\North Korea.pdf,The History and Politics of North Korea
output\Asia\North Korea.pdf,North Korean Culture and Traditions Explained
output\Asia\North Korea.pdf,Understanding North Korea's Nuclear Program
output\Asia\Oman.pdf,Discover Oman: A Journey Through the Land of Frankincense
output\Asia\Oman.pdf,Top 10 Places to Visit in Oman
output\Asia\Oman.pdf,Omani Culture and Traditions Explained
output\Asia\Oman.pdf,The History of Oman in 10 Minutes
output\Asia\Oman.pdf,Omani Cuisine: Traditional Dishes You Must Try
output\Asia\Pakistan.pdf,Discover Pakistan: Land of Diversity and Culture
output\Asia\Pakistan.pdf,Top 10 Places to Visit in Pakistan
output\Asia\Pakistan.pdf,History of Pakistan Explained
output\Asia\Pakistan.pdf,Pakistani Cuisine: A Culinary Journey
output\Asia\Pakistan.pdf,Understanding the Kashmir Conflict
output\Asia\Philippines.pdf,Philippines Travel Guide - Top Things to Do & See
output\Asia\Philippines.pdf,History of the Philippines in 10 Minutes
output\Asia\Philippines.pdf,Filipino Food Tour: Must-Try Dishes
output\Asia\Philippines.pdf,Cultural Festivals of the Philippines
output\Asia\Philippines.pdf,Understanding the South China Sea Dispute
output\Asia\Qatar.pdf,Discover Qatar: A Journey Through the Desert and City
output\Asia\Qatar.pdf,Qatar 2022 FIFA World Cup: Stadiums and Preparations
output\Asia\Qatar.pdf,Culture and Traditions of Qatar Explained
output\Asia\Qatar.pdf,Top 10 Places to Visit in Qatar
output\Asia\Qatar.pdf,Qatar's Economic Growth and Vision 2030
output\Asia\Saudi Arabia.pdf,Saudi Arabia: Land of the Two Holy Mosques
output\Asia\Saudi Arabia.pdf,Inside Saudi Arabia's Vision 2030
output\Asia\Saudi Arabia.pdf,The Culture and Traditions of Saudi Arabia
output\Asia\Saudi Arabia.pdf,Saudi Arabia's Economic Transformation
output\Asia\Saudi Arabia.pdf,Travel Guide to Saudi Arabia's Top Landmarks
output\Asia\Singapore.pdf,Discover Singapore: A City of Innovation and Culture
output\Asia\Singapore.pdf,Top 10 Things to Do in Singapore
output\Asia\Singapore.pdf,Singapore Travel Guide 2024
output\Asia\Singapore.pdf,The History of Singapore Explained
output\Asia\Singapore.pdf,Singapore Food Tour: Best Local Dishes
output\Asia\South Korea.pdf,South Korea Travel Guide - Top Things to Do in South Korea
output\Asia\South Korea.pdf,History of South Korea in 10 Minutes
output\Asia\South Korea.pdf,Korean Culture and Traditions Explained
output\Asia\South Korea.pdf,South Korean Cuisine: Must-Try Foods
output\Asia\South Korea.pdf,Understanding the Korean Peninsula Conflict
output\Asia\Sri Lanka.pdf,Discover Sri Lanka: The Pearl of the Indian Ocean
output\Asia\Sri Lanka.pdf,Top 10 Places to Visit in Sri Lanka
output\Asia\Sri Lanka.pdf,Sri Lankan Culture and Traditions Explained
output\Asia\Sri Lanka.pdf,Sri Lanka Travel Guide 2024
output\Asia\Sri Lanka.pdf,The History and Heritage of Sri Lanka
output\Asia\Taiwan.pdf,Taiwan Travel Guide - Top Things to Do in Taiwan
output\Asia\Taiwan.pdf,History of Taiwan Explained
output\Asia\Taiwan.pdf,Taiwanese Street Food Tour
output\Asia\Taiwan.pdf,Understanding Taiwan-China Relations
output\Asia\Taiwan.pdf,Taiwan's Culture and Traditions
output\Asia\Tajikistan.pdf,Discover Tajikistan: The Roof of the World
output\Asia\Tajikistan.pdf,Tajikistan Travel Guide - Top Places to Visit
output\Asia\Tajikistan.pdf,Culture and Traditions of Tajikistan
output\Asia\Tajikistan.pdf,Tajikistan's History and People Explained
output\Asia\Tajikistan.pdf,Exploring the Pamir Mountains in Tajikistan
output\Asia\Thailand.pdf,"Discover Thailand: Culture, Food & Travel Guide"
output\Asia\Thailand.pdf,Top 10 Places to Visit in Thailand
output\Asia\Thailand.pdf,Thai Festivals: Songkran and Loy Krathong Explained
output\Asia\Thailand.pdf,A Day in Bangkok: Exploring Thailand's Capital
output\Asia\Thailand.pdf,Thai Cuisine: Traditional Dishes You Must Try
output\Asia\Turkmenistan.pdf,Discover Turkmenistan: The Land of the Eternal Fire
output\Asia\Turkmenistan.pdf,Turkmenistan Travel Guide: Top Places to Visit
output\Asia\Turkmenistan.pdf,Inside Ashgabat: The Marble City of Turkmenistan
output\Asia\Turkmenistan.pdf,The Burning Gas Crater of Darvaza: Turkmenistan's Door to Hell
output\Asia\Turkmenistan.pdf,Turkmen Culture and Traditions Explained
output\Asia\United Arab Emirates.pdf,"Discover UAE: Culture, History, and Modern Wonders"
output\Asia\United Arab Emirates.pdf,Top 10 Places to Visit in the United Arab Emirates
output\Asia\Vietnam.pdf,Vietnam Travel Guide - Top Things to Do in Vietnam
output\Asia\Vietnam.pdf,History of Vietnam - From Ancient Times to Modern Day
output\Asia\Vietnam.pdf,Vietnamese Cuisine Explained - Traditional Dishes You Must Try
output\Asia\Vietnam.pdf,Exploring Ha Long Bay - Natural Wonder of Vietnam
output\Asia\Vietnam.pdf,Vietnam War Documentary - Causes and Consequences
output\Asia\Yemen.pdf,Yemen: A Country in Crisis - BBC News
output\Asia\Yemen.pdf,"Exploring the Ancient City of Sana'a, Yemen"
output\Asia\Yemen.pdf,"The Unique Biodiversity of Socotra Island, Yemen"
output\Asia\Yemen.pdf,Yemeni Cuisine: Traditional Dishes and Flavors
output\Asia\Yemen.pdf,Understanding the Yemen Conflict - Al Jazeera Documentary
output\Australia\American Samoa.pdf,Discovering American Samoa: A Tropical Paradise
output\Australia\Australia.pdf,Australia Travel Guide - Top Things to Do & See
output\Australia\Australia.pdf,The History of Australia in 10 Minutes
output\Australia\Australia.pdf,Australian Culture Explained
output\Australia\Australia.pdf,Great Barrier Reef Documentary
output\Australia\Australia.pdf,Sydney Opera House - Architecture & History
output\Australia\Christmas Island.pdf,Exploring Christmas Island: Australia's Remote Paradise
output\Australia\Christmas Island.pdf,The Great Red Crab Migration on Christmas Island
output\Australia\Cocos _Keeling_ Islands.pdf,Exploring the Remote Cocos (Keeling) Islands
output\Australia\Cocos _Keeling_ Islands.pdf,Life on the Cocos (Keeling) Islands - Australian External Territory
output\Australia\Cook Islands.pdf,Discovering the Cook Islands: Paradise in the Pacific
output\Australia\Cook Islands.pdf,Cook Islands Travel Guide - Top Things to Do
output\Australia\Cook Islands.pdf,Culture and Traditions of the Cook Islands
output\Australia\Cook Islands.pdf,Aitutaki Lagoon - The Jewel of the Cook Islands
output\Australia\Cook Islands.pdf,Cook Islands Food Tour: Traditional Polynesian Cuisine
output\Australia\Federated States of Micronesia.pdf,Discovering the Federated States of Micronesia
output\Australia\Fiji.pdf,Discover Fiji: Paradise Islands of the South Pacific
output\Australia\Fiji.pdf,Fiji Travel Guide - Top Things to Do in Fiji
output\Australia\Fiji.pdf,Fijian Culture and Traditions Explained
output\Australia\Fiji.pdf,The History of Fiji: From Colonization to Independence
output\Australia\Fiji.pdf,Fiji Food Tour: Exploring Traditional Fijian Cuisine
output\Australia\French Polynesia.pdf,Discovering French Polynesia: Islands of Paradise
output\Australia\French Polynesia.pdf,Heiva Festival in Tahiti - Polynesian Culture Celebration
output\Australia\Marshall Islands.pdf,Marshall Islands: Life on a Remote Pacific Atoll
output\Australia\Marshall Islands.pdf,The History and Culture of the Marshall Islands
output\Australia\Nauru.pdf,Discover Nauru: The Smallest Island Nation
output\Australia\New Caledonia.pdf,Discover New Caledonia: A Pacific Paradise
output\Australia\New Caledonia.pdf,New Caledonia Travel Guide 2023
output\Australia\New Caledonia.pdf,Kanak Culture and Traditions in New Caledonia
output\Australia\New Caledonia.pdf,Top 10 Things to Do in New Caledonia
output\Australia\New Caledonia.pdf,History and Politics of New Caledonia Explained
output\Australia\New Zealand.pdf,Discover New Zealand: A Land of Natural Wonders
output\Australia\New Zealand.pdf,New Zealand Travel Guide 2024
output\Australia\New Zealand.pdf,The Culture and Traditions of New Zealand
output\Australia\New Zealand.pdf,Top 10 Places to Visit in New Zealand
output\Australia\New Zealand.pdf,New Zealand History Explained
output\Australia\Niue.pdf,Discover Niue: The Rock of Polynesia
output\Australia\Palau.pdf,Discover Palau: The Jewel of Micronesia
output\Australia\Papua New Guinea.pdf,Discover Papua New Guinea: Culture and Nature
output\Australia\Papua New Guinea.pdf,The Kokoda Track - History and Adventure
output\Australia\Papua New Guinea.pdf,Papua New Guinea: The Land of a Thousand Cultures
output\Australia\Papua New Guinea.pdf,Mount Hagen Cultural Show Highlights
output\Australia\Papua New Guinea.pdf,Exploring the Sepik River and its Traditions
output\Australia\Samoa.pdf,Discover Samoa: A Tropical Paradise in the Pacific
output\Australia\Solomon Islands.pdf,Discovering the Solomon Islands: Nature and Culture
output\Australia\Solomon Islands.pdf,Solomon Islands Travel Guide 2023
output\Australia\Solomon Islands.pdf,History of the Solomon Islands - World War II Battles
output\Australia\Solomon Islands.pdf,Traditional Life and Customs in the Solomon Islands
output\Australia\Solomon Islands.pdf,Solomon Islands Marine Biodiversity and Conservation
output\Australia\Tonga.pdf,Discover Tonga: The Friendly Islands
output\Australia\Tuvalu.pdf,Discover Tuvalu: The Tiny Island Nation
output\Australia\Vanuatu.pdf,Discover Vanuatu: A Pacific Island Paradise
output\Europe\Albania.pdf,Discover Albania: Europe's Hidden Gem
output\Europe\Albania.pdf,Top 10 Places to Visit in Albania
output\Europe\Albania.pdf,Albanian Culture and Traditions Explained
output\Europe\Albania.pdf,A Food Tour of Albania's Best Dishes
output\Europe\Albania.pdf,History of Albania: From Ancient Times to Today
output\Europe\Andorra.pdf,Discovering Andorra: Europe's Hidden Gem
output\Europe\Andorra.pdf,Top 10 Things to Do in Andorra
output\Europe\Andorra.pdf,Andorra Travel Guide 2023
output\Europe\Andorra.pdf,"Andorra: History, Culture, and Nature"
output\Europe\Andorra.pdf,Exploring Andorra's Ski Resorts and Mountains
output\Europe\Austria.pdf,Discover Austria: A Journey Through History and Culture
output\Europe\Austria.pdf,Top 10 Places to Visit in Austria
output\Europe\Austria.pdf,Austrian Cuisine: Traditional Dishes Explained
output\Europe\Austria.pdf,The Music of Austria: From Mozart to Modern Times
output\Europe\Austria.pdf,Austria Travel Guide: What You Need to Know
output\Europe\Belarus.pdf,"Discover Belarus: History, Culture, and Landmarks"
output\Europe\Belarus.pdf,Top 10 Places to Visit in Belarus
output\Europe\Belarus.pdf,Belarusian Cuisine: Traditional Foods Explained
output\Europe\Belarus.pdf,The Political Landscape of Belarus in 2024
output\Europe\Belarus.pdf,Belovezhskaya Pushcha National Park - Europe's Ancient Forest
output\Europe\Belgium.pdf,Discover Belgium: A Journey Through Its Culture and History
output\Europe\Belgium.pdf,Top 10 Places to Visit in Belgium
output\Europe\Belgium.pdf,"Belgian Food and Drink: Waffles, Chocolate, and Beer"
output\Europe\Belgium.pdf,The History of Belgium Explained
output\Europe\Belgium.pdf,Belgium Travel Guide: Tips and Highlights
output\Europe\Bosnia and Herzegovina.pdf,Discover Bosnia and Herzegovina: A Journey Through History and Culture
output\Europe\Bosnia and Herzegovina.pdf,Top 10 Places to Visit in Bosnia and Herzegovina
output\Europe\Bosnia and Herzegovina.pdf,Bosnia and Herzegovina Travel Guide 2023
output\Europe\Bosnia and Herzegovina.pdf,The Story of the Stari Most Bridge in Mostar
output\Europe\Bosnia and Herzegovina.pdf,Bosnian Cuisine: Traditional Dishes You Must Try
output\Europe\Bulgaria.pdf,Discover Bulgaria: A Journey Through History and Culture
output\Europe\Bulgaria.pdf,Top 10 Places to Visit in Bulgaria
output\Europe\Bulgaria.pdf,Bulgarian Food and Traditions Explained
output\Europe\Bulgaria.pdf,The Rose Festival in Bulgaria - A Cultural Celebration
output\Europe\Bulgaria.pdf,Exploring Sofia: Bulgaria's Capital City
output\Europe\Croatia.pdf,Discover Croatia: A Travel Guide
output\Europe\Croatia.pdf,Top 10 Places to Visit in Croatia
output\Europe\Croatia.pdf,Croatian Culture and Traditions Explained
output\Europe\Croatia.pdf,History of Croatia in 10 Minutes
output\Europe\Croatia.pdf,Croatian Food Tour: What to Eat in Croatia
output\Europe\Cyprus.pdf,Discover Cyprus: A Mediterranean Gem
output\Europe\Cyprus.pdf,History of Cyprus Explained
output\Europe\Cyprus.pdf,Top 10 Places to Visit in Cyprus
output\Europe\Cyprus.pdf,Cypriot Cuisine: Traditional Foods You Must Try
output\Europe\Cyprus.pdf,The Cyprus Conflict: A Brief Overview
output\Europe\Czech Republic.pdf,"Discover Czech Republic: Culture, History & Travel Guide"
output\Europe\Czech Republic.pdf,Top 10 Places to Visit in the Czech Republic
output\Europe\Czech Republic.pdf,Czech Republic Travel Documentary
output\Europe\Czech Republic.pdf,Traditional Czech Food and Beer Experience
output\Europe\Czech Republic.pdf,History of the Czech Republic Explained
output\Europe\Denmark.pdf,Discover Denmark: A Travel Guide
output\Europe\Denmark.pdf,Top 10 Things to Do in Denmark
output\Europe\Denmark.pdf,History of Denmark in 10 Minutes
output\Europe\Denmark.pdf,Danish Culture and Traditions Explained
output\Europe\Denmark.pdf,Exploring Copenhagen: Denmark's Capital City
output\Europe\Estonia.pdf,Discover Estonia: A Baltic Gem
output\Europe\Estonia.pdf,Top 10 Places to Visit in Estonia
output\Europe\Estonia.pdf,Estonian Culture and Traditions Explained
output\Europe\Estonia.pdf,History of Estonia in 10 Minutes
output\Europe\Estonia.pdf,Estonia's Digital Revolution and E-Government
output\Europe\Finland.pdf,Finland - The Land of a Thousand Lakes | Travel Documentary
output\Europe\Finland.pdf,Top 10 Things to Know About Finland
output\Europe\Finland.pdf,Finnish Culture and Traditions Explained
output\Europe\Finland.pdf,Why Finland is the Happiest Country in the World
output\Europe\Finland.pdf,Exploring Helsinki: Finland's Capital City
output\Europe\France.pdf,Discover France: A Journey Through Culture and History
output\Europe\France.pdf,Top 10 Places to Visit in France
output\Europe\France.pdf,French Cuisine Explained: Traditional Dishes and Culinary Secrets
output\Europe\France.pdf,History of France: From the Revolution to Modern Day
output\Europe\France.pdf,Understanding French Politics and Society
output\Europe\Germany.pdf,Germany Travel Guide - Top Attractions & Things to Do
output\Europe\Germany.pdf,History of Germany Explained in 10 Minutes
output\Europe\Germany.pdf,German Culture and Traditions
output\Europe\Germany.pdf,German Food Tour - What to Eat in Germany
output\Europe\Germany.pdf,Understanding Germany's Political System
output\Europe\Greece.pdf,"Discover Greece: History, Culture, and Travel Guide"
output\Europe\Greece.pdf,Top 10 Places to Visit in Greece
output\Europe\Greece.pdf,Greek Food and Culinary Traditions
output\Europe\Greece.pdf,The Acropolis of Athens Explained
output\Europe\Greece.pdf,Greece Travel Documentary 2023
output\Europe\Hungary.pdf,Hungary Travel Guide | Top Things to Do in Hungary
output\Europe\Hungary.pdf,"A Day in Budapest, Hungary - Travel Vlog"
output\Europe\Hungary.pdf,Hungarian Cuisine Explained | Traditional Dishes
output\Europe\Hungary.pdf,History of Hungary in 10 Minutes
output\Europe\Hungary.pdf,Exploring Hungary's Famous Thermal Baths
output\Europe\Iceland.pdf,Iceland Travel Guide - Top Things to See & Do
output\Europe\Iceland.pdf,The Geology of Iceland Explained
output\Europe\Iceland.pdf,Icelandic Culture and Traditions
output\Europe\Iceland.pdf,Why Iceland is the Happiest Country in the World
output\Europe\Iceland.pdf,Exploring Reykjavik - Iceland's Capital City
output\Europe\Ireland.pdf,Discover Ireland: Top Attractions and Travel Guide
output\Europe\Ireland.pdf,History of Ireland: From Ancient Times to Modern Day
output\Europe\Ireland.pdf,Irish Culture and Traditions Explained
output\Europe\Ireland.pdf,Irish Food and Drink: A Culinary Journey
output\Europe\Ireland.pdf,Exploring the Natural Beauty of Ireland
output\Europe\Italy.pdf,Discover Italy: A Journey Through History and Culture
output\Europe\Italy.pdf,Top 10 Must-See Places in Italy
output\Europe\Italy.pdf,Italian Cuisine Explained: Traditional Dishes and Recipes
output\Europe\Italy.pdf,The Art and Architecture of Italy
output\Europe\Italy.pdf,Italy Travel Guide 2024: Tips and Highlights
output\Europe\Kosovo.pdf,Kosovo Travel Guide - Top Things to Do in Kosovo
output\Europe\Latvia.pdf,Discover Latvia: A Journey Through the Baltic Gem
output\Europe\Liechtenstein.pdf,Discover Liechtenstein: Europe's Hidden Gem
output\Europe\Liechtenstein.pdf,Top 10 Things to Do in Liechtenstein
output\Europe\Lithuania.pdf,Discover Lithuania: A Journey Through History and Culture
output\Europe\Luxembourg.pdf,Discover Luxembourg: Europe's Hidden Gem
output\Europe\Luxembourg.pdf,Top 10 Things to Do in Luxembourg
output\Europe\Luxembourg.pdf,Luxembourg City Travel Guide
output\Europe\Luxembourg.pdf,History of Luxembourg Explained
output\Europe\Luxembourg.pdf,Luxembourg Cuisine and Culture
output\Europe\Malta.pdf,Discover Malta: A Mediterranean Gem
output\Europe\Malta.pdf,Top 10 Things to Do in Malta
output\Europe\Malta.pdf,Malta Travel Guide 2024
output\Europe\Malta.pdf,History of Malta in 10 Minutes
output\Europe\Malta.pdf,Malta Food Tour: Traditional Maltese Cuisine
output\Europe\Moldova.pdf,Discover Moldova: Europe's Hidden Gem
output\Europe\Monaco.pdf,Monaco Travel Guide - Top Things to Do in Monaco
output\Europe\Monaco.pdf,The Monaco Grand Prix Explained
output\Europe\Monaco.pdf,Inside the Prince's Palace of Monaco
output\Europe\Monaco.pdf,Monaco: The World's Richest Country
output\Europe\Monaco.pdf,A Day in Monaco - Luxury Lifestyle Tour
output\Europe\Montenegro.pdf,Discover Montenegro: Europe's Hidden Gem
output\Europe\Montenegro.pdf,Montenegro Travel Guide 2024
output\Europe\Montenegro.pdf,Top 10 Places to Visit in Montenegro
output\Europe\Montenegro.pdf,Montenegro Culture and Traditions Explained
output\Europe\Montenegro.pdf,Montenegro History and Politics Overview
output\Europe\Netherlands.pdf,Discover the Netherlands: Culture and History
output\Europe\Netherlands.pdf,Top 10 Places to Visit in the Netherlands
output\Europe\Netherlands.pdf,Dutch Food and Traditions Explained
output\Europe\Netherlands.pdf,The History of the Netherlands in 10 Minutes
output\Europe\Netherlands.pdf,King's Day Celebrations in the Netherlands
output\Europe\North Macedonia.pdf,Discover North Macedonia: A Balkan Gem
output\Europe\North Macedonia.pdf,Top 10 Places to Visit in North Macedonia
output\Europe\North Macedonia.pdf,History of North Macedonia Explained
output\Europe\North Macedonia.pdf,North Macedonian Cuisine: Traditional Dishes
output\Europe\North Macedonia.pdf,Cultural Festivals of North Macedonia
output\Europe\Norway.pdf,"Discover Norway: Fjords, Culture, and History"
output\Europe\Norway.pdf,Top 10 Places to Visit in Norway
output\Europe\Norway.pdf,Norwegian Traditions and Festivals Explained
output\Europe\Norway.pdf,The Viking Heritage of Norway
output\Europe\Norway.pdf,Norwegian Cuisine: Traditional Foods You Must Try
output\Europe\Poland.pdf,"Discover Poland: History, Culture, and Landmarks"
output\Europe\Poland.pdf,Top 10 Places to Visit in Poland
output\Europe\Poland.pdf,Polish Cuisine Explained: Traditional Foods of Poland
output\Europe\Poland.pdf,A Brief History of Poland in 10 Minutes
output\Europe\Poland.pdf,Poland Travel Guide: What You Need to Know
output\Europe\Portugal.pdf,Discover Portugal: A Journey Through History and Culture
output\Europe\Portugal.pdf,Top 10 Places to Visit in Portugal
output\Europe\Portugal.pdf,Portuguese Cuisine: Traditional Dishes Explained
output\Europe\Portugal.pdf,The History of Portugal in 10 Minutes
output\Europe\Portugal.pdf,Fado Music: The Soul of Portugal
output\Europe\Romania.pdf,Discover Romania: Land of Dracula and Stunning Landscapes
output\Europe\Romania.pdf,Top 10 Places to Visit in Romania
output\Europe\Romania.pdf,Romanian Culture and Traditions Explained
output\Europe\Romania.pdf,A Journey Through Romania's History
output\Europe\Romania.pdf,Romanian Food Tour: Traditional Dishes You Must Try
output\Europe\Russia.pdf,Russia - Land of Contrasts and History
output\Europe\Russia.pdf,Top 10 Places to Visit in Russia
output\Europe\Russia.pdf,Russian Culture and Traditions Explained
output\Europe\Russia.pdf,A Brief History of Russia
output\Europe\Russia.pdf,Russian Cuisine: Traditional Dishes You Must Try
output\Europe\San Marino.pdf,San Marino Travel Guide - Top Things to Do
output\Europe\San Marino.pdf,Exploring the Oldest Republic in the World: San Marino
output\Europe\San Marino.pdf,San Marino: A Tiny Country with a Big History
output\Europe\San Marino.pdf,Visiting San Marino - Europe's Smallest Republic
output\Europe\San Marino.pdf,"San Marino - History, Culture and Attractions"
output\Europe\Serbia.pdf,Serbia Travel Guide - Top Places to Visit
output\Europe\Slovenia.pdf,Discover Slovenia: Europe's Hidden Gem
output\Europe\Slovenia.pdf,Top 10 Places to Visit in Slovenia
output\Europe\Slovenia.pdf,Slovenian Culture and Traditions Explained
output\Europe\Slovenia.pdf,A Day in Ljubljana - Slovenia's Capital
output\Europe\Slovenia.pdf,"Exploring Triglav National Park, Slovenia"
output\Europe\Spain.pdf,Spain Travel Guide - Top Things to Do & See
output\Europe\Spain.pdf,History of Spain in 10 Minutes
output\Europe\Spain.pdf,Spanish Culture and Traditions Explained
output\Europe\Spain.pdf,Famous Spanish Foods You Must Try
output\Europe\Spain.pdf,Exploring Barcelona: Architecture and Landmarks
output\Europe\Sweden.pdf,Sweden Travel Guide - Top Things to See & Do
output\Europe\Sweden.pdf,"A Day in Stockholm, Sweden"
output\Europe\Sweden.pdf,Swedish Culture and Traditions Explained
output\Europe\Sweden.pdf,The History of Sweden in 10 Minutes
output\Europe\Sweden.pdf,Swedish Food Tour - Traditional Dishes
output\Europe\Switzerland.pdf,Switzerland Travel Guide - Top Things to Do in Switzerland
output\Europe\Switzerland.pdf,Why Switzerland Is So Wealthy and Neutral
output\Europe\Switzerland.pdf,Swiss Culture and Traditions Explained
output\Europe\Switzerland.pdf,Exploring the Swiss Alps - Nature and Adventure
output\Europe\Switzerland.pdf,Swiss Food and Cuisine - What to Eat in Switzerland
output\Europe\Turkey.pdf,Discover Turkey: A Journey Through History and Culture
output\Europe\Turkey.pdf,Top 10 Places to Visit in Turkey
output\Europe\Turkey.pdf,Turkish Cuisine Explained: Traditional Foods and Recipes
output\Europe\Turkey.pdf,The History of Turkey in 10 Minutes
output\Europe\Turkey.pdf,Understanding Turkey's Geopolitical Role
output\Europe\Ukraine.pdf,Ukraine: A Country Overview
output\Europe\Ukraine.pdf,History of Ukraine Explained
output\Europe\Ukraine.pdf,Top 10 Places to Visit in Ukraine
output\Europe\Ukraine.pdf,Ukrainian Culture and Traditions
output\Europe\Ukraine.pdf,Current Situation in Ukraine 2024
output\Europe\United Kingdom.pdf,United Kingdom Travel Guide - Top Things to Do & See
output\Europe\United Kingdom.pdf,History of the United Kingdom Explained
output\Europe\United Kingdom.pdf,British Culture and Traditions
output\Europe\United Kingdom.pdf,Famous Landmarks of the UK
output\Europe\United Kingdom.pdf,UK Food and Cuisine Overview
output\Europe\Vatican City.pdf,Vatican City: The World's Smallest Country Explained
output\Europe\Vatican City.pdf,Inside the Vatican Museums - Art and History
output\Europe\Vatican City.pdf,St. Peter's Basilica Tour - Vatican City
output\Europe\Vatican City.pdf,The Sistine Chapel Ceiling by Michelangelo
output\Europe\Vatican City.pdf,Pope Francis and the Vatican's Role in the World
output\North America\Bahamas.pdf,Discover The Bahamas: A Tropical Paradise
output\North America\Bahamas.pdf,Top 10 Things To Do In The Bahamas
output\North America\Bahamas.pdf,The History of The Bahamas Explained
output\North America\Bahamas.pdf,Bahamas Junkanoo Festival Highlights
output\North America\Bahamas.pdf,Bahamas Travel Guide 2024
output\North America\Canada.pdf,Discover Canada: A Complete Guide to the Country
output\North America\Canada.pdf,Top 10 Places to Visit in Canada
output\North America\Canada.pdf,Canadian Culture and Traditions Explained
output\North America\Canada.pdf,History of Canada in 10 Minutes
output\North America\Canada.pdf,Canadian Food You Must Try
output\North America\Cuba.pdf,Discover Cuba: A Journey Through Havana and Beyond
output\North America\Cuba.pdf,Cuban Culture and Traditions Explained
output\North America\Cuba.pdf,History of Cuba: From Colonization to Revolution
output\North America\Cuba.pdf,Top 10 Places to Visit in Cuba
output\North America\Cuba.pdf,Cuban Cuisine: Traditional Dishes You Must Try
output\North America\Guatemala.pdf,Discover Guatemala: Land of the Maya
output\North America\Guatemala.pdf,Top 10 Places to Visit in Guatemala
output\North America\Guatemala.pdf,Guatemalan Culture and Traditions Explained
output\North America\Guatemala.pdf,Exploring Tikal: Ancient Mayan Ruins
output\North America\Guatemala.pdf,Guatemala Travel Guide 2024
output\North America\Mexico.pdf,Mexico Travel Guide - Top Things to Do & See
output\North America\Mexico.pdf,History of Mexico in 10 Minutes
output\North America\Mexico.pdf,Mexican Culture and Traditions Explained
output\North America\Mexico.pdf,Mexican Cuisine - Traditional Dishes You Must Try
output\North America\Mexico.pdf,Understanding Mexico's Political Landscape
output\North America\United States of America.pdf,United States of America - Geography Now!
output\North America\United States of America.pdf,History of the United States in 10 Minutes
output\North America\United States of America.pdf,Top 10 Places to Visit in the USA
output\North America\United States of America.pdf,American Culture Explained
output\North America\United States of America.pdf,How the USA Became a Superpower
output\South America\Argentina.pdf,Argentina Travel Guide - Top Things to Do in Argentina
output\South America\Argentina.pdf,Discovering Buenos Aires - Argentina's Vibrant Capital
output\South America\Argentina.pdf,Iguazu Falls - One of the Natural Wonders of the World
output\South America\Argentina.pdf,Argentine Tango - History and Dance
output\South America\Argentina.pdf,Argentina's Patagonia - Exploring the Wild South
output\South America\Bolivia.pdf,Discover Bolivia: The Land of Diverse Cultures and Landscapes
output\South America\Bolivia.pdf,Salar de Uyuni - Bolivia's Stunning Salt Flats
output\South America\Bolivia.pdf,Bolivia Travel Guide - Top Places to Visit
output\South America\Bolivia.pdf,Carnaval de Oruro - Bolivia's Colorful Festival
output\South America\Bolivia.pdf,Bolivian Cuisine: Traditional Foods You Must Try
output\South America\Brazil.pdf,Brazil Travel Guide - Top Things to Do in Brazil
output\South America\Brazil.pdf,The Amazon Rainforest Explained
output\South America\Brazil.pdf,Carnival in Rio de Janeiro - Full Experience
output\South America\Brazil.pdf,Brazilian Food Tour - Must Try Dishes
output\South America\Brazil.pdf,History of Brazil - From Colonization to Modern Day
output\South America\Chile.pdf,Discover Chile: A Land of Contrasts
output\South America\Chile.pdf,Top 10 Places to Visit in Chile
output\South America\Chile.pdf,Chile Travel Guide - What You Need to Know
output\South America\Chile.pdf,The Culture and Traditions of Chile
output\South America\Chile.pdf,Chile's Natural Wonders and Landscapes
output\South America\Colombia.pdf,Colombia Travel Guide - Top Things to Do in Colombia
output\South America\Colombia.pdf,The History of Colombia Explained
output\South America\Colombia.pdf,Colombian Culture and Traditions
output\South America\Colombia.pdf,Exploring Colombia's Natural Wonders
output\South America\Colombia.pdf,Colombian Food Tour - Must Try Dishes
output\South America\Ecuador.pdf,Ecuador Travel Guide - Top Things to Do & See
output\South America\Ecuador.pdf,Galápagos Islands Wildlife Documentary
output\South America\Ecuador.pdf,Exploring Quito's Historic Center
output\South America\Ecuador.pdf,Ecuadorian Food Tour - Traditional Dishes
output\South America\Ecuador.pdf,The Culture and Festivals of Ecuador
output\South America\Guyana.pdf,Discover Guyana: South America's Hidden Gem
output\South America\Paraguay.pdf,Paraguay Travel Guide - Top Things to Do in Paraguay
output\South America\Paraguay.pdf,"Discover Paraguay: Culture, Food, and History"
output\South America\Paraguay.pdf,Itaipu Dam - Engineering Marvel of Paraguay
output\South America\Paraguay.pdf,Paraguayan Traditions and Festivals Explained
output\South America\Paraguay.pdf,"A Day in Asunción, Paraguay's Capital City"
output\South America\Peru.pdf,Discover Peru: Machu Picchu and Beyond
output\South America\Peru.pdf,Peruvian Cuisine: A Culinary Journey
output\South America\Peru.pdf,The History of the Inca Empire
output\South America\Peru.pdf,Exploring the Nazca Lines
output\South America\Peru.pdf,Cultural Festivals of Peru
output\South America\Suriname.pdf,Discover Suriname: South America's Hidden Gem
output\South America\Uruguay.pdf,Discover Uruguay: A South American Gem
output\South America\Uruguay.pdf,Top 10 Things to Do in Uruguay
output\South America\Uruguay.pdf,Uruguay Travel Guide - Montevideo & Beyond
output\South America\Uruguay.pdf,The Culture and Traditions of Uruguay
output\South America\Uruguay.pdf,Uruguay's History and Modern Society Explained
output\South America\Venezuela.pdf,Venezuela Travel Guide - Top Things to Do & See
output\South America\Venezuela.pdf,The Crisis in Venezuela Explained
output\South America\Venezuela.pdf,Exploring Angel Falls - The World's Highest Waterfall
output\South America\Venezuela.pdf,Venezuelan Food Tour - Traditional Dishes to Try
output\South America\Venezuela.pdf,History of Venezuela - From Independence to Present
